,coef,std_err,t_stat,p_value
const,-0.20209951807893176,0.051456284820267914,-3.9275963817606896,8.592987536548691e-05
did,-0.03570311153476671,0.005325885351856736,-6.703695099692621,2.056621539736625e-11
SIZE,0.03562220467191306,0.004570677368465152,7.793637966592052,6.661338147750939e-15
PROF,-0.18774007809087023,0.01680254999802134,-11.173308700939941,0.0
NDTS,-0.2790663049709961,0.12394850789910554,-2.251469660273417,0.0243607200724123
LIQ,-0.032408868577907965,0.0014950818851904128,-21.676985654722444,0.0
TANG,0.2827068065622674,0.024313604016059778,11.627515459062838,0.0
Age,0.024315167035114795,0.009404170054534757,2.5855728782137293,0.009724916874216616
EIR,0.00022024732864227991,0.0005998118644636565,0.3671940181430423,0.7134760674060661
Corruption,0.00029606875800112804,0.004474854971807116,0.06616276055122391,0.9472485452381478
