period,country,treatment,coef,std_err,t,p_value,ci_lower,ci_upper
2010-2019,All,SIZE,0.0016417694992528484,0.0005026338053763917,3.2663332264797185,0.0010894996125011289,0.0006566253433028058,0.002626913655202891
2010-2019,All,PROF,-0.20121270843754713,0.012365987661164726,-16.2714628180856,1.5735326801873213e-59,-0.2254495988866967,-0.17697581798839757
2010-2019,All,NDTS,0.09116000279476033,0.05719883804321841,1.5937387176620874,0.11099456847701063,-0.020947659727487272,0.20326766531700793
2010-2019,All,LIQ,-0.04967427664041284,0.0006725154811387575,-73.8633950199932,0.0,-0.05099238276249043,-0.04835617051833525
2010-2019,All,TANG,0.21924051165522573,0.006882259254444222,31.855892600042797,1.0908391270738048e-222,0.20575153138424757,0.2327294919262039
2010-2019,GBR,SIZE,0.023578030198392316,0.0024272898675283777,9.713726619063005,2.635221676042155e-22,0.0188206294779977,0.028335430918786934
2010-2019,GBR,PROF,-0.1125734057855291,0.03571730111399884,-3.1517892526713815,0.001622733488106667,-0.18257802959393918,-0.042568781977119025
2010-2019,GBR,NDTS,0.7300531222067678,0.1972277910378751,3.7015732841958884,0.00021426675006941731,0.34349375502214097,1.1166124893913945
2010-2019,GBR,LIQ,-0.020587929280197956,0.0023253256530974915,-8.853783233661677,8.460161863398125e-19,-0.025145483812596122,-0.01603037474779979
2010-2019,GBR,TANG,-0.001722814775307274,0.04271106921979945,-0.04033649371879067,0.9678248596623984,-0.08543497218731146,0.0819893426366969
2010-2019,USA,SIZE,0.02663637121068542,0.0013653089484104335,19.509409384371885,9.133117849586775e-85,0.023960414844030716,0.029312327577340123
2010-2019,USA,PROF,-0.25143405945786096,0.015103685203640452,-16.647199413111288,3.170983608634869e-62,-0.2810367384908268,-0.22183138042489514
2010-2019,USA,NDTS,-0.4753917599183645,0.13257248364996932,-3.5859006848928,0.00033591679213016806,-0.7352290532133295,-0.2155544666233995
2010-2019,USA,LIQ,-0.039012298951301934,0.0012339173581190903,-31.616622211044948,2.182046272801695e-219,-0.04143073253311416,-0.036593865369489706
2010-2019,USA,TANG,0.15565931733091487,0.01704921270537912,9.130000312671534,6.849909691398947e-20,0.1222434744636091,0.18907516019822063
2010-2019,JPN,SIZE,0.00033812750564880063,0.000658279986291245,0.5136530240784227,0.6074946006602235,-0.0009520775592255602,0.0016283325705231614
2010-2019,JPN,PROF,-0.986628820291133,0.026812491981711532,-36.797356283186964,2.0350457214545968e-296,-1.0391803389110565,-0.9340773016712094
2010-2019,JPN,NDTS,0.746961625812257,0.053849382123240336,13.871312842601457,9.45306074800051e-44,0.6414187762609709,0.8525044753635431
2010-2019,JPN,LIQ,-0.05861386206814774,0.0006874647675526026,-85.26089602644662,0.0,-0.05996126825319104,-0.05726645588310444
2010-2019,JPN,TANG,0.19979270770087512,0.006930136602510556,28.829548270159194,9.14542292045508e-183,0.18620988955201168,0.21337552584973857
2010-2019,KOR,SIZE,0.007325279940988805,0.002403948116064462,3.0471872050970576,0.002309937989396434,0.002613628212799546,0.012036931669178064
2010-2019,KOR,PROF,-0.4859604262086515,0.04654522265045612,-10.44060804817934,1.6177116842499572e-25,-0.5771873862559435,-0.39473346616135957
2010-2019,KOR,NDTS,0.026135603535814334,0.1909875240056537,0.13684455920293861,0.8911536617741512,-0.3481930650117459,0.4004642720833746
2010-2019,KOR,LIQ,-0.03749576564563672,0.0017400429008180035,-21.5487593024343,5.438477592424356e-103,-0.040906187062794606,-0.03408534422847883
2010-2019,KOR,TANG,0.26502265194314745,0.02889216873646081,9.172819609373907,4.608051674542067e-20,0.20839504178443014,0.32165026210186476
2010-2019,FRA,SIZE,0.01213918465537077,0.004352749302004288,2.7888545406879053,0.005289481621451072,0.0036079527897105047,0.020670416521031035
2010-2019,FRA,PROF,-0.2655752533191978,0.06837027880274635,-3.8843669788944895,0.0001025968446914157,-0.39957853738554294,-0.13157196925285267
2010-2019,FRA,NDTS,0.17080300493926084,0.22041178080650126,0.7749268406356564,0.4383828908807379,-0.2611961472098183,0.6028021570883401
2010-2019,FRA,LIQ,-0.05343220673559856,0.008725156469839217,-6.123925332491278,9.129769332489304e-10,-0.07053319917596006,-0.03633121429523706
2010-2019,FRA,TANG,0.5131670934742784,0.05994194030117386,8.561069109473403,1.11825644599013e-17,0.39568304932052756,0.6306511376280292
2010-2019,BRA,SIZE,0.045157346162859296,0.008948810412816269,5.04618425016425,4.5072077701116206e-07,0.02761800004926239,0.0626966922764562
2010-2019,BRA,PROF,-1.0812031564150304,0.13250991674367796,-8.159413144198618,3.3665626206402465e-16,-1.3409178208270403,-0.8214884920030205
2010-2019,BRA,NDTS,0.7638943886779129,0.4494976741368589,1.6994401364696035,0.08923628493947484,-0.11710486376485174,1.6448936411206776
2010-2019,BRA,LIQ,-0.020211897531772365,0.015313432728087377,-1.319880257461829,0.1868750000767383,-0.05022567415850057,0.009801879094955841
2010-2019,BRA,TANG,0.0410482793346655,0.059191570520363196,0.693481841650814,0.4880072174081327,-0.07496506707360914,0.15706162574294014
2010-2019,ZAF,SIZE,0.006586476545850774,0.0047653459047563,1.3821612696104182,0.16692218921947788,-0.002753429801347014,0.01592638289304856
2010-2019,ZAF,PROF,-0.6014619725419212,0.1466234904025149,-4.102084672045189,4.094443747405688e-05,-0.8888387330184047,-0.3140852120654378
2010-2019,ZAF,NDTS,-0.7758427700173246,0.45574638471617535,-1.702356389509256,0.08868857998741751,-1.669089270145364,0.11740373011071481
2010-2019,ZAF,LIQ,-0.09365668788743117,0.016088663690171385,-5.821284457866214,5.839708123451418e-09,-0.1251898892795444,-0.06212348649531797
2010-2019,ZAF,TANG,0.5380373584094312,0.0983912247046235,5.4683469996908,4.542519305897373e-08,0.34519410159358155,0.7308806152252809
