country,treatment,coef,std_err,t,p_value,ci_lower,ci_upper
All,SIZE,-0.0007586739081141354,0.0003816744729206764,-1.9877512433790954,0.04683920848383651,-0.0015067421288569693,-1.060568737130149e-05
All,PROF,-0.2026169988927396,0.010183894310706572,-19.895826950965457,4.4225272203456745e-88,-0.22257706496408683,-0.18265693282139236
All,NDTS,0.13411047549154434,0.0467348784984594,2.8696014582762905,0.0041098945604108,0.042511796812708544,0.22570915417038012
All,LIQ,-0.04986150329040165,0.0005507093973538145,-90.54049836445247,0.0,-0.050940873875162884,-0.04878213270564041
All,TANG,0.22906596433315998,0.005593160128361742,40.95465873962995,0.0,0.21810357192180554,0.24002835674451442
GBR,SIZE,0.02116549568041014,0.001987251013747981,10.65064027341556,1.7316985257504726e-26,0.017270555265223385,0.025060436095596897
GBR,PROF,-0.14607213485307857,0.03042582684012696,-4.800925727363702,1.5793384096096341e-06,-0.20570565965957954,-0.0864386100465776
GBR,NDTS,0.8521679462905333,0.16616720267979698,5.128376313421216,2.922518093824611e-07,0.5264862136263635,1.177849678954703
GBR,LIQ,-0.02206308514049259,0.0020133781859041867,-10.958241871774474,6.066646671914487e-28,-0.026009233872123384,-0.018116936408861795
GBR,TANG,0.07371346077106687,0.0368548170901818,2.000103828780208,0.04548905342799742,0.0014793466174992803,0.14594757492463445
USA,SIZE,0.02585469357924475,0.0011247419349000904,22.98722291486482,6.256580141305481e-117,0.023650239894938682,0.02805914726355082
USA,PROF,-0.2602766365714216,0.012636040619429004,-20.597958206245693,2.862602205759575e-94,-0.28504282109268764,-0.23551045205015553
USA,NDTS,-0.5875571818820657,0.11069819242138368,-5.30773962094585,1.1099304121662943e-07,-0.8045216521816625,-0.370592711582469
USA,LIQ,-0.03827916172206489,0.0010445407958685942,-36.64688049855786,5.130634404260594e-294,-0.04032642406235014,-0.03623189938177965
USA,TANG,0.21334019434746282,0.01390141076012425,15.34665783414028,3.7290956268351156e-53,0.18609392992332172,0.24058645877160392
JPN,SIZE,0.0003578865288253808,0.0005259418886786724,0.6804678169379164,0.49620829297894664,-0.0006729406309457914,0.001388713688596553
JPN,PROF,-0.9718489042257175,0.02117226071521124,-45.90199021720393,0.0,-1.0133457726988238,-0.9303520357526112
JPN,NDTS,0.594496967273207,0.0460130001344107,12.920195717223272,3.4625957940196044e-38,0.5043131441891254,0.6846807903572886
JPN,LIQ,-0.056264966252787554,0.0005454040839732647,-103.16198192521348,0.0,-0.05733393861439621,-0.0551959938911789
JPN,TANG,0.19762448013727713,0.005682787820067779,34.77597376403894,5.61437771965808e-265,0.18648642067816137,0.20876253959639288
KOR,SIZE,0.007512071871038865,0.0018528435425845184,4.054347654503158,5.027440168744753e-05,0.0038805652585856025,0.011143578483492126
KOR,PROF,-0.4672338718015364,0.03626939052463219,-12.882319361948381,5.660842631754738e-38,-0.5383205709710338,-0.396147172632039
KOR,NDTS,0.25432748632577074,0.14842770096680588,1.7134772328155112,0.08662477836163038,-0.0365854618772497,0.5452404345287911
KOR,LIQ,-0.03922598785560232,0.001369132054053178,-28.65025892825876,1.5911865528261324e-180,-0.041909437371625904,-0.03654253833957874
KOR,TANG,0.26124674866936,0.020962671262818398,12.46247414721113,1.19601571653004e-35,0.22016066797448314,0.30233282936423683
FRA,SIZE,0.009053565739548065,0.0030741391098824448,2.9450735363417806,0.0032287791406837973,0.003028363800712453,0.015078767678383675
FRA,PROF,-0.2696555679570811,0.05095890639217128,-5.291627843852391,1.2123239825943565e-07,-0.3695331891772848,-0.16977794673687746
FRA,NDTS,0.4848865743403644,0.18330285323026466,2.6452756506264032,0.008162439382513284,0.12561958374561422,0.8441535649351146
FRA,LIQ,-0.040636876549110114,0.0072133388560425135,-5.633573766615604,1.7651296420236155e-08,-0.054774760915236795,-0.026498992182983433
FRA,TANG,0.4699118358182095,0.045707112271903216,10.280934683048676,8.589056086072064e-25,0.3803275419279505,0.5594961297084685
BRA,SIZE,0.045195478540493626,0.0062216790850479035,7.264193141865601,3.752714860049556e-13,0.03300121161043362,0.05738974547055363
BRA,PROF,-0.9133933117973704,0.10939585144389674,-8.349432814331179,6.859154991099391e-17,-1.1278052406855021,-0.6989813829092387
BRA,NDTS,0.9102419324309171,0.34808334837867183,2.615011423760168,0.008922447119620956,0.2280111059906117,1.5924727588712226
BRA,LIQ,-0.040952250353992095,0.012904193210794434,-3.1735614683555187,0.0015058101306962733,-0.06624400429669547,-0.015660496411288725
BRA,TANG,0.05493907244190781,0.054575589141981316,1.0066601809644393,0.31409810349681444,-0.05202711671143079,0.1619052615952464
ZAF,SIZE,0.01036617847843256,0.004619169451560125,2.2441650143255476,0.024821786134558245,0.0013127727148870803,0.01941958424197804
ZAF,PROF,-0.5868190928372048,0.13153613970890737,-4.46127652929339,8.147287714463211e-06,-0.8446251893320922,-0.32901299634231745
ZAF,NDTS,-0.2959746118167101,0.3235227752660118,-0.9148493844779532,0.36027070502098324,-0.9300675995165391,0.3381183758831188
ZAF,LIQ,-0.07438948011837979,0.014447505581944324,-5.148949740593806,2.6194905346684993e-07,-0.10270607072543206,-0.046072889511327514
ZAF,TANG,0.4728953010621636,0.08088268224477517,5.846681736283684,5.014756469176081e-09,0.31436815688940695,0.6314224452349202
